Nightlight Intensity (mean),ADM3_NAME_max,CODE_NEW_max,MOHAFAZA_1_max_max,ADM2_NAME_max_max
2.322347858,Aakkar El-Aatiqa,101007,1,Akkar
2.261794859,Beino,101023,1,Akkar
5.607885937,Beit Mellat,101026,1,Akkar
1.171836609,Dayret Nahr El-Kabir,101049,1,Akkar
2.92395472,Deir Dalloum,101050,1,Akkar
1.819927543,HmairT Aakkar,101066,7,Minie-Danniye
2.153308732,Idbil,101074,1,Akkar
2.297603804,Idbil,101074,1,Akkar
1.358412176,Ilat,101075,1,Akkar
1.450783468,Ilat,101075,7,Minie-Danniye
1.003570053,Khreibet Aakkar,101090,7,Minie-Danniye
2.138188219,Khreibet Ej-Jindi,101091,1,Akkar
1.20942189,Kouachra,101095,1,Akkar
1.347060784,Kouachra,101095,1,Akkar
1.349147429,Kouachra,101095,1,Akkar
2.482411951,Kouachra,101095,1,Akkar
1.248763025,Kouachra,101095,1,Akkar
4.407478988,Machha,101098,1,Akkar
1.962616205,Machha,101098,1,Akkar
1.277204514,Machha,101098,1,Akkar
1.249868751,Machha,101098,1,Akkar
2.035290337,Machha,101098,1,Akkar
1.463607907,Machta Hammoud,101099,1,Akkar
1.466346065,Machta Hammoud,101099,1,Akkar
1.48957585,Machta Hammoud,101099,1,Akkar
1.776120987,Machta Hammoud,101099,2,Hermel
2.322449118,Majdel Akkar,101101,1,Akkar
4.213911414,Majdel Akkar,101101,1,Akkar
3.410211875,Majdel Akkar,101101,1,Akkar
2.652732849,Majdel Akkar,101101,1,Akkar
2.461966931,Mar Touma,101102,1,Akkar
3.049576402,Mar Touma,101102,1,Akkar
2.582229043,Mar Touma,101102,1,Akkar
2.83258513,Mar Touma,101102,7,Minie-Danniye
2.975799084,Mar Touma,101102,7,Minie-Danniye
2.203200221,Mar Touma,101102,7,Minie-Danniye
1.520336211,MassaaoudiyT,101104,1,Akkar
1.479943994,MassaaoudiyT,101104,1,Akkar
1.664066839,MassaaoudiyT,101104,1,Akkar
2.160313032,MassaaoudiyT,101104,1,Akkar
1.590698481,MassaaoudiyT,101104,1,Akkar
3.389181316,MassaaoudiyT,101104,1,Akkar
0.575183759,Mazareaa Jabal Akroum,101105,1,Akkar
1.077436961,Mazareaa Jabal Akroum,101105,1,Akkar
1.70621866,Mazareaa Jabal Akroum,101105,1,Akkar
2.080375388,Mazareaa Jabal Akroum,101105,1,Akkar
1.184231073,Mazareaa Jabal Akroum,101105,1,Akkar
1.14720234,Mazareaa Jabal Akroum,101105,2,Hermel
0.914526982,Mazareaa Jabal Akroum,101105,2,Hermel
0.929549515,Mazareaa Jabal Akroum,101105,2,Hermel
1.076271832,Mazareaa Jabal Akroum,101105,2,Hermel
1.748128799,Mazareaa Jabal Akroum,101105,2,Hermel
0.619778002,Mazareaa Jabal Akroum,101105,7,Minie-Danniye
2.624017715,Minyara,101112,1,Akkar
1.849450946,Minyara,101112,1,Akkar
2.059838454,Minyara,101112,1,Akkar
1.316022515,Mounjez,101113,1,Akkar
1.379864514,Mounjez,101113,1,Akkar
1.929664854,Mounjez,101113,1,Akkar
1.381042083,Mounjez,101113,1,Akkar
1.426287398,Mounjez,101113,1,Akkar
1.535417557,Mounjez,101113,1,Akkar
1.407096131,Mounjez,101113,1,Akkar
1.496051314,Mounjez,101113,1,Akkar
2.375028213,Mounjez,101113,1,Akkar
2.31839021,Mounjez,101113,1,Akkar
1.700120449,Mounjez,101113,1,Akkar
1.692619579,Mounjez,101113,1,Akkar
1.771765053,Mounjez,101113,1,Akkar
1.713612604,Mounjez,101113,1,Akkar
1.730467343,Mounjez,101113,1,Akkar
1.509649961,Mounjez,101113,2,Hermel
1.566457801,Msalla,101115,1,Akkar
1.536974896,Qabaait,101122,7,Minie-Danniye
1.758533792,Qabaait,101122,7,Minie-Danniye
2.196965426,Qachlaq,101123,1,Akkar
1.667683482,Qachlaq,101123,1,Akkar
3.31193018,Qachlaq,101123,1,Akkar
2.91447577,Qachlaq,101123,1,Akkar
0.787145416,Qarha Aakkar,101126,1,Akkar
1.013125204,Qarha Aakkar,101126,1,Akkar
1.563607097,Qarha Aakkar,101126,2,Hermel
1.33171083,Qarha Aakkar,101126,2,Hermel
0.777486269,Qarha Aakkar,101126,7,Minie-Danniye
2.062027852,Qleiaat Aakkar,101129,1,Akkar
1.617325423,Qoubber Chamra,101132,1,Akkar
5.582231323,Qoubber Chamra,101132,1,Akkar
3.0085289,Qoubber Chamra,101132,1,Akkar
3.069411278,Qoubber Chamra,101132,1,Akkar
3.779170334,Qoubber Chamra,101132,1,Akkar
4.897474647,Qoubber Chamra,101132,7,Minie-Danniye
6.206632495,Qoubber Chamra,101132,7,Minie-Danniye
5.734550595,Qoubber Chamra,101132,7,Minie-Danniye
1.085923806,RahbT,101135,1,Akkar
1.390896142,RahbT,101135,1,Akkar
2.03236967,RahbT,101135,2,Hermel
1.097207606,RahbT,101135,2,Hermel
1.697539836,RahbT,101135,2,Hermel
1.11917609,RahbT,101135,7,Minie-Danniye
1.612758627,RahbT,101135,7,Minie-Danniye
2.113290098,RahbT,101135,7,Minie-Danniye
0.988152544,RahbT,101135,7,Minie-Danniye
1.022333405,RahbT,101135,7,Minie-Danniye
1.249019089,RahbT,101135,7,Minie-Danniye
1.975942059,Rihaniyet Aakkar,101136,1,Akkar
1.377276719,Rihaniyet Aakkar,101136,1,Akkar
1.260562778,Rihaniyet Aakkar,101136,1,Akkar
1.033342004,Rihaniyet Aakkar,101136,1,Akkar
3.650828251,SammouniyT,101143,1,Akkar
2.472067067,SammouniyT,101143,1,Akkar
2.636059655,SammouniyT,101143,1,Akkar
3.280293536,SammouniyT,101143,1,Akkar
2.696990603,SammouniyT,101143,1,Akkar
1.371599436,SammouniyT,101143,1,Akkar
1.325065954,SammouniyT,101143,1,Akkar
1.541326821,SammouniyT,101143,1,Akkar
1.911051214,SammouniyT,101143,1,Akkar
0.872070864,Sfinet Ed-Draib,101147,1,Akkar
1.837908506,Sfinet Ed-Draib,101147,1,Akkar
2.2885732,Sfinet Ed-Draib,101147,1,Akkar
2.009970963,Sfinet Ed-Draib,101147,1,Akkar
1.777717348,Sfinet Ed-Draib,101147,1,Akkar
1.248344599,Sfinet Ed-Draib,101147,1,Akkar
1.332829247,Sfinet Ed-Draib,101147,1,Akkar
1.007341325,Sfinet Ed-Draib,101147,1,Akkar
4.359067826,Srar,101150,1,Akkar
1.407491684,Srar,101150,1,Akkar
3.322516865,Tall Aabbas El-Gharbi,101152,1,Akkar
2.789532509,Tall Aabbas El-Gharbi,101152,1,Akkar
2.367013137,Tall Aabbas El-Gharbi,101152,1,Akkar
3.869712913,Tall Aabbas El-Gharbi,101152,1,Akkar
3.852334172,Tall Aabbas El-Gharbi,101152,1,Akkar
3.494462967,Tall Aabbas El-Gharbi,101152,1,Akkar
3.291405082,Tall Aabbas El-Gharbi,101152,1,Akkar
1.836244464,Tall Hmayra,101154,1,Akkar
2.136667296,Tall Hmayra,101154,1,Akkar
1.563881477,Tall Hmayra,101154,1,Akkar
1.877202988,Tall Hmayra,101154,1,Akkar
1.425381005,Tall Hmayra,101154,1,Akkar
1.749682001,Tall Hmayra,101154,1,Akkar
1.434178965,Tall Hmayra,101154,1,Akkar
1.432247519,Tall Hmayra,101154,1,Akkar
1.688553055,Tall Hmayra,101154,1,Akkar
2.780238092,Tall Meaayan Tall Kiri,101155,1,Akkar
1.944939604,Tall Meaayan Tall Kiri,101155,1,Akkar
2.111126542,Tall Meaayan Tall Kiri,101155,1,Akkar
6.589892467,Tall Meaayan Tall Kiri,101155,1,Akkar
1.74757576,Tall Meaayan Tall Kiri,101155,1,Akkar
1.569899016,Tall Meaayan Tall Kiri,101155,1,Akkar
1.346561961,Tall Meaayan Tall Kiri,101155,1,Akkar
1.686791863,Tall Meaayan Tall Kiri,101155,1,Akkar
1.32988841,Tall Meaayan Tall Kiri,101155,1,Akkar
1.399701794,Tleil,101159,1,Akkar
2.139036059,Tleil,101159,1,Akkar
1.043527961,Tleil,101159,1,Akkar
1.650201956,Tleil,101159,1,Akkar
1.445868661,Tleil,101159,1,Akkar
2.38506039,Tleil,101159,1,Akkar
1.614806175,Tleil,101159,1,Akkar
1.712320089,Tleil,101159,1,Akkar
2.437449455,litige,101168,1,Akkar
1.983154019,litige,101168,1,Akkar
2.214188411,litige,101168,1,Akkar
2.359154105,litige,101168,1,Akkar
2.428043486,litige,101168,1,Akkar
2.431686931,litige,101168,1,Akkar
2.154544353,litige,101168,1,Akkar
0.569518999,Conflict,201027,2,Baalbek
0.645602865,Conflict,201027,2,Baalbek
0.568281277,Conflict,201031,2,Baalbek
1.500894662,Haouch Tall SafiyT,201045,2,Baalbek
1.780514777,Haouch Tall SafiyT,201045,2,Baalbek
1.444362909,Haouch Tall SafiyT,201045,2,Baalbek
3.468343201,Haouche Barada,201046,2,Baalbek
1.978483939,Hizzine,201049,2,Baalbek
2.163350879,Hizzine,201049,2,Baalbek
0.769592671,Hizzine,201049,2,Baalbek
0.68515285,Hizzine,201049,2,Baalbek
1.002465106,Kfar Dane,201054,2,Baalbek
1.002990716,Kfar Dane,201054,2,Baalbek
0.908749064,Kfar Dane,201054,2,Baalbek
0.971052476,Kfar Dane,201054,2,Baalbek
0.819002281,Kfar Dane,201054,2,Baalbek
1.075581245,Kfar Dane,201054,2,Baalbek
1.493349814,Kfar Dane,201054,2,Baalbek
0.611711442,Khreibet Baalbek,201057,2,Baalbek
0.769550686,Khreibet Baalbek,201057,2,Baalbek
0.678043624,Nabi Chit,201068,2,Baalbek
0.879866226,Nabi Chit,201068,4,Zahle
0.910677307,Nabi Chit,201068,4,Zahle
0.680700214,NahlT baalbek,201070,2,Baalbek
0.546705782,NahlT baalbek,201070,2,Baalbek
4.666903512,NahlT baalbek,201070,2,Baalbek
1.726849402,NahlT baalbek,201070,2,Baalbek
0.726311268,NahlT baalbek,201070,2,Baalbek
0.617945296,NahlT baalbek,201070,2,Baalbek
0.575092912,Ouadi El-Aaoss,201071,2,Baalbek
0.600371435,Ouadi El-Aaoss,201071,2,Baalbek
0.68800935,Ras Baalbek Ech-Charqi,201079,2,Baalbek
1.581683476,Ras Baalbek Ech-Charqi,201079,2,Baalbek
1.060600717,Ras Baalbek Ech-Charqi,201079,2,Baalbek
0.963465367,Ras Baalbek Ech-Charqi,201079,2,Baalbek
2.660569524,Ras Baalbek Es-Sahel,201080,2,Hermel
0.823179134,Ras Baalbek Es-Sahel,201080,2,Hermel
1.860997069,Ras Baalbek Es-Sahel,201080,2,Hermel
1.130568275,Riha,201081,2,Baalbek
1.120547494,Riha,201081,2,Baalbek
1.06891437,Riha,201081,2,Baalbek
2.19552263,Riha,201081,2,Baalbek
0.917033531,Riha,201081,2,Baalbek
3.065393766,Slouqi,201085,4,Zahle
1.910551906,Slouqi,201085,4,Zahle
2.273796289,Slouqi,201085,4,Zahle
1.852592819,Talia,201087,2,Baalbek
1.751447976,Talia,201087,4,Zahle
1.712455288,Talia,201087,4,Zahle
2.260780628,Talia,201087,4,Zahle
1.894475857,Taraiya,201088,4,Zahle
1.710535352,Temnine El-Faouqa,201089,4,Zahle
0.564433247,Tfail,201091,2,Baalbek
0.57338062,Tfail,201091,2,Baalbek
0.686557986,Tfail,201091,2,Baalbek
0.654446136,Tfail,201091,2,Baalbek
0.571869187,Tfail,201091,2,Baalbek
0.574906746,Tfail,201091,2,Baalbek
0.714116991,Yahfoufa,201092,4,Zahle
1.056410513,Yahfoufa,201092,4,Zahle
1.790407785,YammounT,201093,2,Baalbek
1.520559517,YammounT,201093,2,Baalbek
1.165504168,YammounT,201093,2,Baalbek
0.929595272,YammounT,201093,5,Jbail
1.314703756,litige,201096,2,Baalbek
0.869216174,litige,201099,2,Baalbek
0.863913374,litige,201099,2,Baalbek
0.7321683,litige,201099,2,Hermel
0.695125834,litige,201099,2,Hermel
1.044501919,litige,201099,2,Hermel
0.617196805,Mazareaa Jabal Akroum,202001,7,Minie-Danniye
3.260828256,Hermel,202003,2,Hermel
1.216777799,litige,202003,2,Hermel
2.274692484,litige,202003,2,Hermel
0.570243411,Qaa Ouadi El-Khanzir,202003,2,Hermel
0.81308363,Qaa Ouadi El-Khanzir,202003,2,Hermel
1.067781162,litige,202003,2,Hermel
1.423779488,Hermel,202003,2,Hermel
1.047182041,Ras Baalbek Es-Sahel,202003,2,Hermel
1.213859888,Ram Baalbek,202004,2,Hermel
0.647578073,Ram Baalbek,202004,2,Hermel
0.751446801,Ram Baalbek,202004,2,Hermel
0.935197268,Nabha Ed-Damdoum,202004,2,Hermel
0.619320917,Michmich Aakkar,202006,7,Minie-Danniye
0.679215044,Ras Baalbek Es-Sahel,202007,2,Hermel
0.563556368,Ras Baalbek Es-Sahel,202007,2,Hermel
0.686798249,Ouadi Faara,202007,2,Hermel
0.507011823,Ras Baalbek Es-Sahel,202007,2,Hermel
0.548541767,Ouadi Faara,202007,2,Hermel
0.734276381,Ouadi Faara,202007,7,Zgharta
1.047585555,Zighrine,202010,2,Hermel
0.530008886,Zighrine,202010,2,Hermel
0.526054735,Zighrine,202010,7,Minie-Danniye
0.526393492,Zighrine,202010,7,Minie-Danniye
0.529507947,Zighrine,202010,7,Minie-Danniye
0.584502658,Zighrine,202010,7,Zgharta
48.25614134,Beirut Central District,301004,3,Beyrouth
58.36272903,Mina el-Hosn fonciFre,301008,3,Beyrouth
64.94731776,Mina el-Hosn fonciFre,301008,5,Beyrouth
81.90011557,Mina el-Hosn fonciFre,301008,5,Beyrouth
72.15446022,Mina el-Hosn fonciFre,301008,5,Beyrouth
92.79356384,Mina el-Hosn fonciFre,301008,5,El Metn
60.51486969,MsaitbT fonciFre,301009,5,Beyrouth
1.150371425,Ouaqf BG,401030,4,Zahle
3.3558079,Ouaqf BG,401030,4,Zahle
2.089082152,Saghbine,401034,5,Rachaiya
4.395916224,Saghbine,401034,4,Rachaiya
5.67238088,Souairi,402006,4,Rachaiya
4.011786723,Souairi,402006,4,Rachaiya
3.787477589,Khiara,402006,4,Zahle
1.871243347,Lala,402010,4,Rachaiya
1.549114141,Souairi,402010,4,Rachaiya
1.431026506,Mdoukha,402024,4,Rachaiya
1.132291675,Qaraaoun,402025,4,Rachaiya
1.235950589,MhaiydsT Rachaiya,402025,4,Rachaiya
1.188830867,Qaraaoun,402025,4,Rachaiya
1.661491564,Qaraaoun,402025,4,Rachaiya
3.283796899,Yohmor BG,402026,6,Rachaiya
2.41790312,Nabi Safa,402026,6,Rachaiya
1.149465526,Rachaiya,402028,4,Rachaiya
0.646149185,Rachaiya,402028,4,Rachaiya
2.939634946,Rachaiya,402028,4,Rachaiya
1.130805579,Rachaiya,402028,4,Rachaiya
0.969223189,Rachaiya,402028,4,Rachaiya
2.353628493,Rachaiya,402028,6,Rachaiya
1.943700776,Rachaiya,402028,6,Rachaiya
1.867970377,Rachaiya,402028,6,Rachaiya
0.912094597,Tannoura,402031,6,Rachaiya
0.954691398,Tannoura,402031,6,Rachaiya
1.020785141,Tannoura,402031,6,Rachaiya
0.793197743,Yanta,402032,4,Rachaiya
0.596388777,Yanta,402032,4,Rachaiya
0.864553618,Yanta,402032,4,Rachaiya
0.907831097,Yanta,402032,4,Rachaiya
1.109631491,Yanta,402032,6,Rachaiya
1.572208513,Yanta,402032,4,Rachaiya
0.840190711,Yanta,402032,4,Rachaiya
1.492354617,Yanta,402032,4,Rachaiya
0.866203805,Yanta,402032,4,Rachaiya
1.18075642,Yanta,402032,4,Rachaiya
0.94010618,Yanta,402032,4,Rachaiya
1.181851806,Yanta,402032,4,Rachaiya
0.983844767,Yanta,402032,4,Rachaiya
0.726127982,Yanta,402032,4,Rachaiya
0.859708417,Yanta,402032,4,Rachaiya
0.618592918,litige,402037,4,Rachaiya
0.636343805,litige,402037,4,Rachaiya
0.824103666,litige,402037,4,Rachaiya
3.687615079,Majdel Aanjar,403024,4,Zahle
3.114168072,Majdel Aanjar,403024,4,Zahle
1.417832077,Majdel Aanjar,403024,4,Zahle
3.330803815,Souairi,403024,4,Zahle
1.505939245,Ouaqf BG,403024,4,Zahle
1.381351018,Majdel Aanjar,403024,4,Zahle
1.570796072,Ouaqf BG,403024,4,Zahle
2.333384132,Ouaqf BG,403024,4,Zahle
2.326446337,Souairi,403024,4,Zahle
11.24110355,Ouaqf BG,403024,4,Zahle
1.215833505,Souairi,403024,4,Zahle
1.917463593,Yanta,403024,4,Zahle
1.608673871,Ouaqf BG,403025,4,Zahle
7.219789505,Serraaine Et-Tahta,403032,4,Zahle
2.34810596,Serraaine Et-Tahta,403032,4,Zahle
2.862648222,Serraaine Et-Tahta,403032,4,Zahle
1.189800568,Yahfoufa,403032,4,Zahle
6.49830691,Temnine Et-Tahta,403034,4,Zahle
13.71442691,Temnine Et-Tahta,403034,4,Zahle
4.13812086,Temnine El-Faouqa,403034,5,Zahle
9.005563737,Temnine Et-Tahta,403034,4,Zahle
4.769955118,Niha ZahlT,403034,4,Zahle
3.1049235,Temnine Et-Tahta,403034,4,Zahle
9.439854202,Temnine Et-Tahta,403037,5,Zahle
2.814549804,Qabb Elias,403038,4,Zahle
1.355576965,Qabb Elias,403038,4,Zahle
4.842145596,Qabb Elias,403038,4,Zahle
1.19020617,Qabb Elias,403038,4,Zahle
10.08186207,Serraaine Et-Tahta,403041,4,Zahle
7.480371992,Temnine Et-Tahta,403041,4,Zahle
3.054991974,Riyaq,403041,4,Zahle
1.553019136,Riyaq,403041,4,Zahle
4.945688963,Riyaq,403041,4,Zahle
7.965787888,Taanayel,403044,4,Zahle
1.619009366,Terbol ZahlT,403048,4,Zahle
9.770242453,Touaite ZahlT,403048,4,Zahle
1.289866908,Terbol ZahlT,403048,4,Zahle
3.118223535,Terbol ZahlT,403048,4,Zahle
3.418845194,Terbol ZahlT,403048,4,Zahle
36.01232837,ZahlT El-Berbara,403051,4,Zahle
45.4771564,ZahlT El-Berbara,403051,4,Zahle
30.95102016,ZahlT El-Midane,403053,4,Zahle
62.68028213,ZahlT El-Midane,403053,4,Zahle
59.76649187,ZahlT El-Midane,403053,4,Zahle
6.60730358,ZahlT Haouch El-Oumara Aradi,403057,5,Zahle
30.53533742,ZahlT Haouch El-Oumara Aradi,403057,4,Zahle
48.84326642,ZahlT Maallaqa Aradi,403059,4,Zahle
42.08498589,ZahlT Maallaqa Aradi,403059,4,Zahle
57.7384423,ZahlT Maallaqa Aradi,403059,4,Zahle
31.86891743,ZahlT Maallaqa Aradi,403059,4,Zahle
12.2559479,ZahlT Maallaqa Aradi,403059,4,Zahle
12.02151027,ZahlT Maallaqa Aradi,403059,4,Zahle
30.44889493,ZahlT Maallaqa Aradi,403059,4,Zahle
31.33112335,ZahlT Maallaqa Aradi,403059,4,Zahle
17.12448541,ZahlT Maallaqa Aradi,403059,4,Zahle
18.48419094,ZahlT Maallaqa Aradi,403059,4,Zahle
7.857954809,ZahlT Maallaqa Aradi,403059,4,Zahle
8.12871262,ZahlT Maallaqa Aradi,403059,4,Zahle
2.547589385,ZahlT Maallaqa Aradi,403059,4,Zahle
20.72365773,ZahlT Maallaqa Aradi,403059,4,Zahle
7.522645848,ZahlT Maallaqa Aradi,403059,4,Zahle
3.0576967,Qabb Elias,501003,5,Zahle
4.070986472,Btalloun,501033,5,Aley
4.086896778,Chartoun,501037,5,Aley
3.83447202,Choueifat El-QuoubbT,501041,5,Chouf
11.65581199,Choueifat El-QuoubbT,501041,5,Chouf
6.104451656,Daqqoun,501042,5,Chouf
4.132157803,Ghaboune,501046,5,Aley
7.975507832,Ghaboune,501046,5,Aley
5.383688622,Ghaboune,501046,5,Aley
7.995435238,Houmal,501049,5,Baabda
2.972806211,Majdel Baana,501057,5,Aley
3.010171897,McherfT,501061,5,Chouf
3.109541893,RamliT,501065,5,Chouf
3.434187439,RamliT,501065,5,Chouf
3.031947137,RamliT,501065,5,Chouf
6.712103367,Rimhala,501068,5,Aley
5.385273695,Rimhala,501068,5,Aley
3.428079128,Rouayssat En-Naamane,501069,5,Aley
1.987753545,Saoufar,501070,5,Aley
1.86954824,Saoufar,501070,5,Aley
2.212886804,Saoufar,501070,5,Aley
3.713042035,Souq El-Gharb,501073,5,Aley
6.13165164,Souq El-Gharb,501073,5,Aley
3.421726584,Souq El-Gharb,501073,5,Aley
4.566862851,Souq El-Gharb,501073,5,Aley
3.273826897,Souq El-Gharb,501073,5,Aley
8.542896944,KahhalT,502001,5,Baabda
4.377579212,Souq El-Gharb,502001,5,Baabda
5.642603238,Souq El-Gharb,502001,5,Baabda
5.128390979,Btalloun,502001,5,Baabda
10.51224649,Bkhichtay,502007,5,Baabda
4.264895598,Btalloun,502007,5,Baabda
56.18570709,MsaitbT fonciFre,502016,5,Beyrouth
4.160551392,Falougha,502022,5,Zahle
4.327070441,Qabb Elias,502022,5,Zahle
25.27830855,Hadath Beyrouth,502024,5,Baabda
51.86742751,MsaitbT fonciFre,502024,5,Beyrouth
4.308128357,Saoufar,502025,5,Baabda
2.092275798,Saoufar,502025,5,Chouf
2.194764912,Hammana,502025,5,Zahle
1.822094442,Qabb Elias,502025,5,Zahle
3.115148021,Qabb Elias,502025,5,Zahle
5.032156966,Qabb Elias,502025,5,Zahle
5.179656506,Haret HamzT,502027,5,Baabda
4.132234633,Haret HamzT,502027,5,Baabda
4.515655652,Saoufar,502027,5,Baabda
10.13960753,Kfar Chima,502033,5,Baabda
4.280489147,Mazraat Er-RemtaniyT,502034,5,Zahle
3.552104771,Touaite ZahlT,502034,5,Zahle
1.738803729,Ouadi Ed-Delm,502034,5,Zahle
7.551541058,Ouadi Chahrour El Aaoulia,502042,5,Baabda
6.908918381,Ouadi Chahrour El Aaoulia,502042,5,Baabda
14.69864818,Ouadi Chahrour Es-Soufla,502043,5,Baabda
13.42902431,Ouadi Chahrour Es-Soufla,502043,5,Baabda
14.59836034,Ouadi Chahrour Es-Soufla,502043,5,Baabda
9.719832698,Ouadi Chahrour Es-Soufla,502043,5,Baabda
11.74078751,Ouadi Chahrour Es-Soufla,502043,5,Baabda
10.74424247,Ouadi Chahrour Es-Soufla,502043,5,Baabda
10.46442485,Ouadi Chahrour Es-Soufla,502043,5,Baabda
6.781795979,Ouadi Chahrour Es-Soufla,502043,5,Baabda
4.23933351,Qornayel,502047,5,Zahle
3.911821868,Qornayel,502047,5,Zahle
4.264028783,Qornayel,502047,5,Zahle
5.755513906,QtalT Baabda,502050,5,Baabda
5.866186619,QtalT Baabda,502050,5,Baabda
7.625591516,Saoufar,502050,5,Baabda
2.138905884,Ras El Matn,502051,5,Baabda
3.043190637,Ras El Matn,502051,5,Baabda
2.227111677,Ras El Matn,502051,5,Baabda
4.469321728,Ras El Matn,502051,5,Baabda
1.612501124,Ras El Matn,502051,5,Baabda
1.559757676,Ras El Matn,502051,5,Baabda
1.744907379,Ras El Matn,502051,5,Baabda
8.098130246,Ras El Matn,502051,5,Baabda
5.977873643,Ras El Matn,502051,5,Baabda
3.541256204,Ras El Matn,502051,5,Zahle
2.783634808,Ras El Matn,502051,5,Zahle
6.323516528,Rouayssrt El-Ballout,502053,5,Baabda
3.819886865,Rouayssrt El-Ballout,502053,5,Baabda
3.513213754,Rouayssrt El-Ballout,502053,5,Baabda
2.805112809,Rouayssrt El-Ballout,502053,5,Baabda
3.409432985,Salima Baabda,502054,5,Baabda
2.950764656,Salima Baabda,502054,5,Baabda
2.081162439,Salima Baabda,502054,5,Baabda
27.24645662,Tahouitat El Ghadir,502055,5,Baabda
4.855657339,Tahouitat El Ghadir,502055,5,Baabda
40.5622169,Tahouitat El Ghadir,502055,5,Beyrouth
15.27646319,Tahouitat El Ghadir,502055,5,Chouf
9.431475004,Tahouitat El Ghadir,502055,5,Chouf
2.054222008,Chebrqiyet Aammiq,503014,5,Zahle
1.001400036,Ouaqf BG,503014,5,Zahle
3.051373959,Chhim,503030,5,Chouf
7.948709506,Damour,503035,5,Chouf
11.88369578,Damour,503035,5,Chouf
2.497816483,Damour,503035,5,Chouf
3.14013123,Jisr El Qadi,503035,5,Chouf
18.02847528,Tahouitat El Ghadir,503035,5,Chouf
6.860718214,Daqqoun,503035,5,Chouf
4.82188195,Daqqoun,503035,5,Chouf
2.3576403,Daqqoun,503035,5,Chouf
2.906188309,Daqqoun,503035,5,Chouf
4.994745493,Jisr El Qadi,503035,5,Chouf
3.576477528,Jisr El Qadi,503035,5,Chouf
3.087475371,DibbiyT,503043,5,Chouf
3.720207453,DibbiyT,503043,5,Chouf
2.857804298,DibbiyT,503043,5,Chouf
6.185840829,DibbiyT,503043,5,Chouf
7.202268918,DibbiyT,503043,5,Chouf
0.918023666,Fraudis Ech-Chouf,503046,5,Chouf
3.129386995,Fraudis Ech-Chouf,503046,5,Zahle
2.45206275,Fraudis Ech-Chouf,503046,5,Zahle
2.867845178,Hasrout,503050,5,Chouf
3.573015213,Jbaa Ech-Chouf,503053,8,Jezzine
1.898354139,Saghbine,503053,8,Rachaiya
3.005892031,JiyT,503055,5,Chouf
3.454569419,JiyT,503055,5,Chouf
5.10550335,JiyT,503055,5,Chouf
5.598296523,JiyT,503055,5,Chouf
9.816755891,JiyT,503055,5,Chouf
6.86544013,JiyT,503055,5,Chouf
2.228189826,Kfar Matta,503064,5,Chouf
2.120327274,Kfar Matta,503064,5,Chouf
1.700669139,Kfar Matta,503064,5,Chouf
4.599132666,Kfar Matta,503064,5,Chouf
6.524841785,Kfar Qatra,503067,5,Chouf
2.434247255,Kfar Qatra,503067,5,Chouf
2.9639111,Kfar Qatra,503067,5,Chouf
2.756585959,Kfar Qatra,503067,5,Chouf
0.843292747,Khirbet Qanafar,503069,5,Chouf
1.649281323,Khereibet Ech-Chouf,503069,8,Jezzine
1.289991051,Saghbine,503069,8,Jezzine
4.677670876,Kneisset Ech-Chouf,503071,5,Chouf
2.276162505,MaaniyT,503072,5,Chouf
2.558633745,MaaniyT,503072,5,Chouf
1.291238955,Maasser Ech-Chouf,503074,5,Chouf
1.412419708,Maasser Ech-Chouf,503074,5,Chouf
0.952968167,Maasser Ech-Chouf,503074,5,Chouf
4.373615852,Maasser Ech-Chouf,503074,5,Chouf
2.136229468,Maasser Ech-Chouf,503074,5,Chouf
2.672341281,Saghbine,503074,5,Rachaiya
3.076640467,Maasser Ech-Chouf,503074,5,Rachaiya
3.567306553,Maasser Ech-Chouf,503074,5,Rachaiya
2.643311823,Maasser Ech-Chouf,503074,5,Rachaiya
2.084170114,Maasser Ech-Chouf,503074,5,Rachaiya
5.201938868,Majdel El-Meouch,503076,5,Chouf
2.704526097,Majdel El-Meouch,503076,5,Chouf
3.599381208,Majdel El-Meouch,503076,5,Chouf
9.363334471,Majdel El-Meouch,503076,5,Chouf
3.22772084,RamliT,503076,5,Chouf
3.647046207,RamliT,503076,5,Chouf
2.932064946,litige,503076,5,Chouf
3.274397723,litige,503076,5,Chouf
2.55065155,Rouayssat En-Naamane,503076,5,Chouf
2.891562859,Majdel El-Meouch,503076,5,Chouf
3.16967139,litige,503076,5,Chouf
2.717088608,Souq El-Gharb,503076,5,Chouf
3.039512277,litige,503076,5,Chouf
3.639885998,Mazboud,503077,5,Chouf
2.29228724,Mazraat Ech-Chouf,503079,8,Jezzine
2.036504348,Mazraat Ech-Chouf,503079,8,Jezzine
1.562080642,Mazraat Ech-Chouf,503079,8,Jezzine
2.007172813,Mazraat Ech-Chouf,503079,8,Jezzine
1.085713824,Mazraat Ech-Chouf,503079,8,Jezzine
9.841094017,Mazraat Ech-Chouf,503079,8,Jezzine
5.784921741,MghairiyT Ech-Chouf,503083,5,Chouf
1.131619579,Moukhtara,503085,5,Chouf
1.455366015,Moukhtara,503085,8,Jezzine
1.564029267,Saghbine,503089,8,Rachaiya
3.30177018,Sohmor,503089,8,Rachaiya
2.882121749,Niha El-Chouf,503089,8,Rachaiya
1.746040296,Saghbine,503089,8,Rachaiya
8.400438686,Saghbine,503089,5,Rachaiya
6.882205337,Sohmor,503089,6,Rachaiya
3.919197017,Yohmor BG,503089,6,Rachaiya
2.028610916,Qaraaoun,503089,5,Rachaiya
2.317418463,Ouadi Ed-Deir,503091,5,Chouf
1.123985966,OuarhaniyT,503095,5,Zahle
3.365656719,OuarhaniyT,503095,5,Zahle
1.196130697,Qabb Elias,503095,5,Zahle
1.577991034,OuarhaniyT,503095,5,Zahle
4.626853789,Qreiaa,503096,8,Saida
3.31463623,Qreiaa,503096,8,Saida
4.018486627,Rmeilet Ech-Chouf,503097,8,Saida
2.972827503,SemqaniyT,503098,5,Chouf
3.129121363,SemqaniyT,503098,5,Chouf
1.727253771,SemqaniyT,503098,5,Chouf
4.035502672,SemqaniyT,503098,5,Chouf
2.422342968,SemqaniyT,503098,5,Chouf
1.907620102,SemqaniyT,503098,8,Jezzine
2.460615997,SemqaniyT,503098,8,Jezzine
1.866621524,SemqaniyT,503098,8,Jezzine
1.47180842,SemqaniyT,503098,8,Jezzine
5.335920513,Sibline,503099,5,Chouf
6.434923887,Sibline,503099,5,Chouf
6.792270064,Sibline,503099,5,Chouf
4.196361491,Sibline,503099,8,Saida
2.600439827,Sibline,503099,8,Saida
8.801858902,Sibline,503099,8,Saida
5.268994808,Sibline,503099,8,Saida
7.976690006,Sibline,503099,8,Saida
2.074409291,Sirjbal,503100,5,Chouf
2.906272815,Sirjbal,503100,5,Chouf
1.963964811,Sirjbal,503100,5,Chouf
2.384900329,Sirjbal,503100,5,Chouf
1.866024697,Sirjbal,503100,5,Chouf
2.468283713,Sirjbal,503100,5,Chouf
2.369726413,Sirjbal,503100,5,Chouf
2.412630749,Sirjbal,503100,5,Chouf
2.620722294,ZaarouriyT,503101,8,Jezzine
2.911747634,ZaarouriyT,503101,8,Jezzine
3.335589228,ZaarouriyT,503101,8,Jezzine
5.193974018,ZaarouriyT,503101,8,Jezzine
2.846036365,litige,503108,5,Chouf
2.52886188,litige,503108,5,Chouf
2.679977258,litige,503108,5,Chouf
2.904166984,litige,503108,5,Chouf
3.361212134,litige,503108,5,Chouf
2.876016903,litige,503108,5,Chouf
2.622297826,litige,503108,5,Chouf
2.848953299,litige,503108,5,Chouf
2.879215062,litige,503108,5,Chouf
2.681078672,litige,503108,5,Chouf
5.477419257,litige,503108,5,Chouf
2.584310891,litige,503108,5,Chouf
2.130529284,litige,503108,8,Jezzine
1.06133914,litige,503109,5,Chouf
1.562400317,litige,503109,5,Chouf
2.13894507,litige,503109,5,Chouf
1.482942258,litige,503109,5,Chouf
1.692097127,litige,503109,5,Chouf
2.058576393,litige,503109,5,Chouf
2.637202104,litige,503109,5,Chouf
3.403854847,litige,503109,5,Chouf
1.721808699,litige,503109,5,Chouf
2.00327036,litige,503109,5,Chouf
1.549265184,litige,503109,5,Chouf
2.067546211,litige,503109,5,Chouf
3.100638986,litige,503109,5,Chouf
1.594862759,litige,503109,5,Chouf
1.378244939,litige,503109,5,Zahle
3.263913659,litige,503109,5,Zahle
3.190359414,litige,503109,5,Zahle
1.054988416,YammounT,504010,5,Jbail
2.080044051,Taraiya,504010,5,Jbail
1.754247487,Taraiya,504010,5,Jbail
2.229927106,Talia,504010,5,Jbail
2.469843073,Talia,504010,5,Zahle
5.665417735,EddT Jbayl,504032,5,Jbail
3.970013166,Ferhet,504035,5,Jbail
4.462708473,Ghalboun,504039,5,Jbail
2.721377576,Ghalboun,504039,5,Jbail
3.471104014,Ghalboun,504039,5,Jbail
3.35942328,Hbaline,504046,5,Jbail
2.174928466,Hbaline,504046,5,Jbail
4.723778677,Hbaline,504046,5,Jbail
8.95532589,Hboub,504047,5,Jbail
3.935842559,Hsarat,504052,5,Jbail
4.218651215,Hsarat,504052,5,Jbail
5.2690804,Hsarat,504052,5,Jbail
4.53837336,Hsoun,504053,5,Kesrouane
2.815009177,Jaj,504054,5,Jbail
1.485302866,Jaj,504054,5,Jbail
2.295038762,Jaj,504054,5,Jbail
21.79123618,Jbayl,504056,5,Jbail
10.06701362,Jbayl,504056,5,Jbail
15.57950315,Jbayl,504056,5,Kesrouane
10.87730265,Jbayl,504056,5,Kesrouane
10.77086024,Jbayl,504056,5,Kesrouane
5.165429831,Jouret El-Qattine,504059,5,Jbail
5.613076806,Jouret El-Qattine,504059,5,Kesrouane
4.238115311,Jouret El-Qattine,504059,5,Kesrouane
4.894614601,Jouret El-Qattine,504059,5,Kesrouane
3.62614069,Kfar KiddT,504062,5,Jbail
2.905683041,Maad,504070,5,Jbail
4.809206804,Maad,504070,5,Jbail
4.315557162,Maad,504070,5,Jbail
2.126724931,Maad,504070,7,Jbail
0.715574119,Majdel El-Aqoura,504071,5,Kesrouane
5.702500927,Majdel El-Aqoura,504071,5,Kesrouane
5.540392525,Majdel El-Aqoura,504071,5,Kesrouane
0.837518003,Majdel El-Aqoura,504071,5,Kesrouane
1.952774905,Mayfouq,504074,5,Jbail
1.756046707,Mazraat Es Siyad,504076,5,Kesrouane
3.476719737,MghayrT Jbeil,504078,5,Jbail
4.203837473,MghayrT Jbeil,504078,5,Jbail
2.361180874,MghayrT Jbeil,504078,5,Jbail
3.195254562,MghayrT Jbeil,504078,5,Kesrouane
6.022683144,Michmich Jbayl,504079,5,Jbail
1.884933737,Michmich Jbayl,504079,5,Jbail
2.593093304,Michmich Jbayl,504079,5,Jbail
3.319271624,Michmich Jbayl,504079,5,Jbail
1.837090581,Michmich Jbayl,504079,5,Jbail
2.16776375,Michmich Jbayl,504079,5,Jbail
2.822866249,Michmich Jbayl,504079,5,Jbail
2.431298494,Mounsef,504080,5,Jbail
2.984814048,Mounsef,504080,7,Jbail
3.921026349,Mounsef,504080,5,Jbail
2.560676477,Qartaba,504083,5,Jbail
1.360710979,Qartaba,504083,5,Kesrouane
0.994080822,Qorqraiya,504085,5,Kesrouane
4.223258924,Ras Osta,504088,5,Jbail
3.36320548,Ras Osta,504088,5,Jbail
5.765116949,Ras Osta,504088,5,Jbail
2.618608543,Ras Osta,504088,5,Jbail
2.217371559,Ras Osta,504088,5,Jbail
2.978958766,Ras Osta,504088,5,Jbail
4.343476776,Ras Osta,504088,5,Jbail
3.284713745,Ras Osta,504088,5,Jbail
5.871865526,Ras Osta,504088,5,Jbail
3.179480791,Ras Osta,504088,5,Kesrouane
23.13938967,Rihanet Jbayl,504089,5,Jbail
7.330795765,Rihanet Jbayl,504089,5,Jbail
10.48858237,Rihanet Jbayl,504089,5,Jbail
7.860068679,Rihanet Jbayl,504089,5,Jbail
4.221048428,Rihanet Jbayl,504089,5,Jbail
4.958090717,Rihanet Jbayl,504089,5,Jbail
12.34123564,Rihanet Jbayl,504089,5,Jbail
3.305050366,Seraaiita,504093,5,Kesrouane
3.190859863,Seraaiita,504093,5,Kesrouane
3.919373512,Seraaiita,504093,5,Kesrouane
0.915740624,Seraaiita,504093,5,Kesrouane
1.843988657,Seraaiita,504093,5,Kesrouane
3.087877676,Seraaiita,504093,5,Kesrouane
2.558009009,Seraaiita,504093,5,Kesrouane
2.078869787,Seraaiita,504093,5,Kesrouane
3.442398667,Seraaiita,504093,5,Kesrouane
2.920009255,Souanet Jbayl,504094,5,Kesrouane
3.644462853,Souanet Jbayl,504094,5,Kesrouane
1.511864225,Souanet Jbayl,504094,5,Kesrouane
2.781300664,Souanet Jbayl,504094,5,Kesrouane
4.936361313,Souanet Jbayl,504094,5,Kesrouane
4.427608871,Hsoun,505014,5,Kesrouane
11.89174676,Daraaoun,505023,5,Kesrouane
8.13352623,Ghosta,505034,5,Kesrouane
7.250111898,Ghosta,505034,5,Kesrouane
8.906526804,Harharaya,505035,5,Kesrouane
7.773109674,Hayata,505037,5,Kesrouane
5.523181121,Hayata,505037,5,Kesrouane
14.32786709,JouniT Sarba,505045,5,Kesrouane
11.38611244,Kharayeb Nahr Ibrahim,505054,5,Kesrouane
7.77714012,Maaysra Kesrouane,505056,5,Kesrouane
6.235307693,Maaysra Kesrouane,505056,5,Kesrouane
9.192865252,Mazraat Er-Ras,505058,5,Kesrouane
2.79759651,Taraiya,505060,5,Kesrouane
2.412280185,Taraiya,505060,5,Zahle
4.465939476,Qorqraiya,505061,5,Kesrouane
8.666648483,Qahmez,505061,5,Kesrouane
1.8219686,Qahmez,505061,5,Kesrouane
6.818429738,Mchaa Kfar Dibiane,505062,5,Kesrouane
6.199938536,MradiyT,505064,5,Kesrouane
8.920413494,Nahr Ed-Dahab,505065,5,Kesrouane
2.210841715,Qahmez,505065,5,Kesrouane
8.25259614,Qleiaat Kesrouane,505069,5,Kesrouane
14.14248418,Qleiaat Kesrouane,505069,5,Kesrouane
13.42162037,Raachine,505070,5,Kesrouane
10.40415857,Raachine,505070,5,Kesrouane
9.021979332,Raachine,505070,5,Kesrouane
9.978559179,Raachine,505070,5,Kesrouane
6.990546147,Raachine,505070,5,Kesrouane
11.23604327,Raachine,505070,5,Kesrouane
8.300004959,Raachine,505070,5,Kesrouane
6.135297775,Raachine,505070,5,Kesrouane
13.48570122,Raachine,505070,5,Kesrouane
12.34138565,Raachine,505070,5,Kesrouane
6.949146748,Raachine,505070,5,Kesrouane
5.009846807,Raachine,505070,5,Kesrouane
6.855675667,Rayfoun,505071,5,Kesrouane
16.63544828,Rayfoun,505071,5,Kesrouane
14.77387428,Rayfoun,505071,5,Kesrouane
10.88306938,Rayfoun,505071,5,Kesrouane
41.13301155,Sahel Aalma,505073,5,Kesrouane
34.90657171,Sahel Aalma,505073,5,Kesrouane
42.25890541,Sahel Aalma,505073,5,Kesrouane
30.31296921,Sahel Aalma,505073,5,Kesrouane
12.63507749,Sahel Aalma,505073,5,Kesrouane
15.2774075,Sahel Aalma,505073,5,Kesrouane
20.54519033,Sahel Aalma,505073,5,Kesrouane
17.46257401,Sahel Aalma,505073,5,Kesrouane
25.58613759,Tabarja,505075,5,Kesrouane
29.08114052,Tabarja,505075,5,Kesrouane
18.30227874,Tabarja,505075,5,Kesrouane
25.15824604,Tabarja,505075,5,Kesrouane
20.04847956,Tabarja,505075,5,Kesrouane
24.95151742,Tabarja,505075,5,Kesrouane
10.61866315,Yahchouch,505076,5,Kesrouane
8.155491233,Yahchouch,505076,5,Kesrouane
7.66208005,Yahchouch,505076,5,Kesrouane
5.103719641,Yahchouch,505076,5,Kesrouane
9.232681274,Yahchouch,505076,5,Kesrouane
8.84442771,Yahchouch,505076,5,Kesrouane
7.855370267,Yahchouch,505076,5,Kesrouane
2.212406172,Yahchouch,505076,5,Kesrouane
5.765869822,Yahchouch,505076,5,Kesrouane
3.898220956,Yahchouch,505076,5,Kesrouane
3.683931589,Yahchouch,505076,5,Kesrouane
1.577156961,Yahchouch,505076,5,Kesrouane
1.363360453,Yahchouch,505076,5,Kesrouane
1.566036388,Yahchouch,505076,5,Kesrouane
11.57915878,Zaitoun,505078,5,Kesrouane
9.583911419,Zaitoun,505078,5,Kesrouane
7.842842986,Zaitoun,505078,5,Kesrouane
11.21879005,Zaitoun,505078,5,Kesrouane
4.112353325,Zaitoun,505078,5,Kesrouane
5.188384533,Zaitoun,505078,5,Kesrouane
4.500676155,Zaitoun,505078,5,Kesrouane
3.802526653,Zaitoun,505078,5,Kesrouane
34.47569046,Zouk Mkayel,505079,5,Kesrouane
14.4902876,Zouk Mkayel,505079,5,Kesrouane
33.25148535,Zouk Mousbeh,505080,5,Kesrouane
1.324186862,litige,505084,5,Kesrouane
2.505224599,litige,505084,5,Zahle
2.340487671,litige,505084,5,Zahle
1.559010583,litige,505084,5,Zahle
3.954973936,Salima Baabda,506017,5,El Metn
24.17768176,Mchaa Kfar Dibiane,506019,5,Kesrouane
8.578369645,litige,506019,5,Kesrouane
3.777339856,Mchaa Kfar Dibiane,506019,5,Kesrouane
2.607037297,Mchaa Kfar Dibiane,506019,5,Kesrouane
3.392621647,litige,506019,5,Zahle
14.71878786,Ras El Matn,506023,5,El Metn
11.21554303,Ouadi Chahrour Es-Soufla,506023,5,El Metn
74.09112549,MsaitbT fonciFre,506027,5,El Metn
65.95543337,Mina el-Hosn fonciFre,506027,5,El Metn
79.70702873,Mdaouar fonciFre,506027,5,El Metn
67.86578505,Mdaouar fonciFre,506027,5,El Metn
77.69771322,Mdaouar fonciFre,506027,5,El Metn
67.26727142,MsaitbT fonciFre,506027,5,El Metn
56.61439006,Mdaouar fonciFre,506027,5,El Metn
46.35117073,Bourj Hammoud,506027,5,El Metn
11.61439485,Broummana El-Matn,506029,5,El Metn
3.340083395,Salima Baabda,506031,5,El Metn
18.94183956,Zouk Mousbeh,506042,5,Kesrouane
25.63002872,DekouanT,506045,5,El Metn
48.15839767,DekouanT,506045,5,El Metn
74.99683271,Jall Ed-Did,506053,5,El Metn
42.7572937,Majzoub,506064,5,El Metn
66.64834526,Majzoub,506064,5,El Metn
25.34528605,Majzoub,506064,5,El Metn
12.8654529,Mar Boutros Karm Et-Tine,506066,5,El Metn
10.15404129,Mar Boutros Karm Et-Tine,506066,5,El Metn
18.49857426,Mar Boutros Karm Et-Tine,506066,5,Kesrouane
5.452124119,Masqa,506069,5,El Metn
5.296724369,Zandouqa,506069,5,El Metn
13.62464714,Masqa,506069,5,El Metn
33.99813809,Menqlet Mezher,506075,5,El Metn
40.95372736,Menqlet Mezher,506075,5,El Metn
10.11932715,Mtain,506079,5,El Metn
7.50885708,Mtain,506079,5,El Metn
13.01400375,Mtain,506079,5,El Metn
9.78717804,Mtain,506079,5,El Metn
11.97518794,Mtain,506079,5,El Metn
2.488588452,Mtain,506079,5,Zahle
2.331852474,Touaite ZahlT,506079,5,Zahle
2.79415174,Salima Baabda,506079,5,Zahle
2.412152489,Mtain,506079,5,Zahle
3.379192996,Mtain,506079,5,Zahle
1.486645025,Touaite ZahlT,506079,5,Zahle
2.681257193,Mtain,506079,5,Zahle
17.60023425,Mtain,506079,5,Zahle
3.578239421,litige,506079,5,Zahle
11.98934937,Mtain,506079,5,Zahle
5.216263198,Mtain,506079,5,Zahle
6.550115824,Mtain,506079,5,Zahle
8.244047039,Mtain,506079,5,Zahle
11.73306202,Mtain,506079,5,Zahle
8.834745742,Mtain,506079,5,Zahle
9.984233697,Mtain,506079,5,Zahle
5.784665763,Mtain,506079,5,Zahle
2.554544032,Mtain,506079,5,Zahle
19.8246247,ZahlT Maallaqa Aradi,506079,5,Zahle
2.955078835,ZahlT Aradi,506079,5,Zahle
6.497275949,Mtain,506079,5,Zahle
2.559574387,Temnine El-Faouqa,506079,5,Zahle
1.790167711,Touaite ZahlT,506079,5,Zahle
4.528948486,Qaa Er-Rim,506079,5,Zahle
21.11419678,ZahlT Aradi,506079,5,Zahle
22.40067945,ZahlT Haouch El-Oumara Aradi,506079,5,Zahle
12.36222076,ZahlT Haouch El-Oumara Aradi,506079,5,Zahle
15.5063636,Nabay,506082,5,El Metn
62.73705101,Naqqach,506083,5,El Metn
30.02334749,Naqqach,506083,5,El Metn
7.717090593,Ouadi El-Karm El-Matn,506085,5,El Metn
4.27955691,Ouadi El-Karm El-Matn,506085,5,Kesrouane
7.985321558,Ouadi El-Karm El-Matn,506085,5,Kesrouane
2.863187611,Ouadi El-Karm El-Matn,506085,5,Kesrouane
5.838530223,Ouadi El-Karm El-Matn,506085,5,Zahle
6.146156708,Salima Baabda,506088,5,El Metn
7.361546993,Qannebet Salima,506088,5,El Metn
4.541561762,Salima Baabda,506088,5,El Metn
7.461906503,Qannebet Salima,506088,5,El Metn
4.374131853,Qannebet Salima,506088,5,El Metn
31.48895894,Qornet Chehouane,506090,5,El Metn
20.40356731,Qornet Chehouane,506090,5,El Metn
14.96803808,Qornet Chehouane,506090,5,El Metn
16.55770941,Qornet Chehouane,506090,5,El Metn
10.52826643,Qornet Chehouane,506090,5,El Metn
10.45762181,Qornet Chehouane,506090,5,El Metn
16.56829619,Qornet Chehouane,506090,5,Kesrouane
51.92784246,Qornet El-Hamra,506091,5,El Metn
13.19059258,Qornet El-Hamra,506091,5,El Metn
43.52970886,Qornet El-Hamra,506091,5,El Metn
33.51821533,Qornet El-Hamra,506091,5,El Metn
39.5938549,Qornet El-Hamra,506091,5,El Metn
18.66621367,Qornet El-Hamra,506091,5,El Metn
25.70977669,Qornet El-Hamra,506091,5,Kesrouane
26.82410773,Qornet El-Hamra,506091,5,Kesrouane
29.69707298,Qornet El-Hamra,506091,5,Kesrouane
21.91488733,Zouk Mousbeh,506091,5,Kesrouane
17.54115334,Qornet El-Hamra,506091,5,Kesrouane
15.22816798,Qornet El-Hamra,506091,5,Kesrouane
16.77793695,Qornet El-Hamra,506091,5,Kesrouane
11.93929958,Qornet El-Hamra,506091,5,Kesrouane
26.59774335,Qornet El-Hamra,506091,5,Kesrouane
15.96576166,Qornet El-Hamra,506091,5,Kesrouane
5.205922604,RoumiT,506092,5,El Metn
3.138092672,Zandouqa,506092,5,El Metn
7.210195065,RoumiT,506092,5,El Metn
5.190722068,Zandouqa,506092,5,El Metn
13.42370367,RoumiT,506092,5,El Metn
19.72246034,RoumiT,506092,5,El Metn
17.05567439,RoumiT,506092,5,El Metn
16.16272177,RoumiT,506092,5,El Metn
20.10948887,Zandouqa,506092,5,El Metn
18.57245865,Zandouqa,506092,5,El Metn
16.14615202,Sfeilet Bikfaya,506093,5,El Metn
11.92922267,Sfeilet Bikfaya,506093,5,El Metn
11.7441646,Sfeilet Bikfaya,506093,5,Kesrouane
9.107079744,Sfeilet Bikfaya,506093,5,Kesrouane
6.135260135,Sfeilet Bikfaya,506093,5,Kesrouane
10.09926891,Sfeilet Bikfaya,506093,5,Kesrouane
7.965445542,Sfeilet Bikfaya,506093,5,Kesrouane
41.44163047,Sinn El-Fil,506094,5,El Metn
50.76468267,Sinn El-Fil,506094,5,El Metn
34.41200619,Sinn El-Fil,506094,5,El Metn
35.28517151,Sinn El-Fil,506094,5,El Metn
15.35977067,Sinn El-Fil,506094,5,El Metn
19.66563368,Sinn El-Fil,506094,5,El Metn
13.34194899,Sinn El-Fil,506094,5,El Metn
15.60086221,Sinn El-Fil,506094,5,El Metn
51.09308116,Sinn El-Fil,506094,5,El Metn
27.78817034,Sinn El-Fil,506094,5,El Metn
18.80977821,Sinn El-Fil,506094,5,El Metn
7.455181843,Zabbougha,506095,5,El Metn
7.590396256,Zabbougha,506095,5,El Metn
9.625727654,Zabbougha,506095,5,Kesrouane
4.521465778,Zabbougha,506095,5,Kesrouane
5.109004021,Zabbougha,506095,5,Kesrouane
8.13947773,Zabbougha,506095,5,Kesrouane
3.572155476,Zabbougha,506095,5,Kesrouane
3.149265607,Zabbougha,506095,5,Kesrouane
4.388410091,Zaraaoun,506098,5,El Metn
6.456178665,Zaraaoun,506098,5,El Metn
5.146401405,Zaraaoun,506098,5,El Metn
8.342866127,Zaraaoun,506098,5,El Metn
55.43431918,Zouk El-Kharab,506100,5,El Metn
47.60073166,Zouk El-Kharab,506100,5,El Metn
69.84071187,Zouk El-Kharab,506100,5,El Metn
61.62951754,Zouk Mousbeh,506100,5,Kesrouane
41.42122777,Zouk Mousbeh,506100,5,Kesrouane
29.29226398,Zouk Mousbeh,506100,5,Kesrouane
28.01473618,Zouk Mousbeh,506100,5,Kesrouane
19.54855671,Zouk Mousbeh,506100,5,Kesrouane
7.219267941,Kounine,601023,6,Marjayoun
3.177077949,Kounine,601023,6,Marjayoun
2.550558209,Rmaich,601030,6,Bent Jbail
4.807534188,Tibnine,601035,6,Bent Jbail
2.686038528,Tibnine,601035,6,Bent Jbail
4.325640142,Tibnine,601035,6,Marjayoun
7.488451123,Tibnine,601035,8,Sour
3.312575102,Tiri,601036,6,Bent Jbail
4.023194088,Tiri,601036,6,Bent Jbail
4.546178429,Tiri,601036,6,Bent Jbail
4.538239042,Tiri,601036,6,Bent Jbail
2.602425615,Tiri,601036,6,Bent Jbail
11.28581079,Tiri,601036,6,Marjayoun
3.606765422,Tiri,601036,6,Marjayoun
1.836438855,Yater,601038,6,Bent Jbail
4.642714966,Yater,601038,6,Bent Jbail
4.684657574,Yater,601038,6,Bent Jbail
3.164462447,Yater,601038,6,Bent Jbail
2.900350571,Yohmor BG,602010,6,Hasbaiya
3.457378881,Yohmor BG,602010,6,Hasbaiya
3.309170961,Yohmor BG,602010,6,Marjayoun
3.970129649,Yohmor BG,602010,6,Marjayoun
1.886454523,Yohmor BG,602010,8,Rachaiya
2.904994034,Yohmor BG,602010,6,Rachaiya
1.539740547,litige,602011,6,Rachaiya
2.868985328,litige,602011,6,Rachaiya
2.786478247,Yohmor BG,602012,6,Marjayoun
5.607787609,litige,602013,6,Rachaiya
1.307464591,litige,602015,6,Rachaiya
0.982062128,Tannoura,602015,6,Rachaiya
2.594962978,litige,602015,6,Rachaiya
2.055875182,litige,602015,6,Rachaiya
1.135551946,Yohmor BG,602015,6,Rachaiya
0.871593273,litige,602015,6,Rachaiya
1.055874033,Rachaiya,602015,6,Rachaiya
2.470026088,Rachaiya El-Foukhar,602022,6,Hasbaiya
2.5515766,litige,602022,6,Rachaiya
1.521966193,Froun,603004,8,Sour
4.267673898,Kaoukaba Hasbaiya,603017,8,Marjayoun
2.385761566,Rachaiya El-Foukhar,603017,6,Marjayoun
2.20867455,Rachaiya El-Foukhar,603017,6,Marjayoun
2.14865973,Khiyam Marjaayoun,603019,6,Marjayoun
2.019682097,Khiyam Marjaayoun,603019,6,Marjayoun
4.079169568,Khiyam Marjaayoun,603019,6,Marjayoun
8.290986856,Khiyam Marjaayoun,603019,6,Marjayoun
1.915565948,Rachaiya El-Foukhar,603019,6,Marjayoun
3.824083282,Khiyam Marjaayoun,603019,6,Marjayoun
2.73360844,Tibnine,603020,6,Marjayoun
8.105131714,Soultaniyet Bent Jbayl,603020,8,Sour
8.830899913,Markaba,603023,6,Marjayoun
4.873789088,Meiss Ej-Jabal,603026,6,Marjayoun
2.895719327,Meiss Ej-Jabal,603026,6,Marjayoun
1.869073892,Meiss Ej-Jabal,603026,6,Marjayoun
3.275993509,Meiss Ej-Jabal,603026,6,Marjayoun
3.047481628,Meiss Ej-Jabal,603026,6,Marjayoun
2.422400826,Qabrikha,603027,6,Marjayoun
2.052070192,Qabrikha,603027,6,Marjayoun
1.848993341,Qabrikha,603027,8,Sour
2.327214003,Qlaiaa,603029,6,Marjayoun
3.461739495,Qlaiaa,603029,6,Nabatiye
4.206361016,Rachaiya El-Foukhar,603029,6,Nabatiye
1.296056668,Rabb Et-Tlatine,603030,6,Marjayoun
2.408360091,Rabb Et-Tlatine,603030,6,Marjayoun
1.323909799,Rabb Et-Tlatine,603030,6,Marjayoun
1.937391082,Rabb Et-Tlatine,603030,6,Marjayoun
1.983967185,Touline,603034,6,Marjayoun
2.12093842,Touline,603034,8,Sour
3.129785697,Touline,603034,8,Sour
2.842027528,Touline,603034,8,Sour
2.726912737,Jibchit,604024,8,Sour
5.883050203,Kfar Roummane,604026,6,Nabatiye
1.924308896,Qaaqaaiyet Ej-Jisr,604042,6,Nabatiye
1.278718012,Qaaqaaiyet Ej-Jisr,604042,8,Sour
1.215394388,Qaaqaaiyet Ej-Jisr,604042,8,Sour
1.566703081,Qsaibet En-Nabatiyeh,604043,8,Sour
2.008322835,Sarba En-Nabatieh,604045,8,Nabatiye
2.243032366,Yohmor En-Nabatiyeh,604048,8,Nabatiye
2.362568994,Yohmor En-Nabatiyeh,604048,8,Nabatiye
2.303607166,Yohmor En-Nabatiyeh,604048,6,Nabatiye
1.575636943,Yohmor En-Nabatiyeh,604048,6,Nabatiye
1.441295743,Yohmor En-Nabatiyeh,604048,6,Nabatiye
1.818272138,Yohmor En-Nabatiyeh,604048,6,Nabatiye
1.954060817,Yohmor En-Nabatiyeh,604048,6,Nabatiye
1.542816564,Yohmor En-Nabatiyeh,604048,8,Sour
1.079202667,Yohmor En-Nabatiyeh,604048,8,Sour
4.42883563,Zibdine En-Nabatiyeh,604052,6,Nabatiye
3.235836834,Zibdine En-Nabatiyeh,604052,6,Nabatiye
3.126949787,Zibdine En-Nabatiyeh,604052,6,Nabatiye
2.467074445,Zibdine En-Nabatiyeh,604052,6,Nabatiye
2.574592203,Zibdine En-Nabatiyeh,604052,8,Sour
2.581228852,Zibdine En-Nabatiyeh,604052,8,Sour
1.98705962,Zibdine En-Nabatiyeh,604052,8,Sour
10.21248495,Hamat,701031,7,Batroun
1.786355652,Helta,701034,7,Batroun
3.326629519,Helta,701034,7,Jbail
1.75387738,Helta,701034,7,Jbail
1.905027005,Helta,701034,7,Jbail
13.12342882,Heri,701035,7,Koura
6.161804756,Heri,701035,7,Koura
5.966816557,Kfar Aabida,701040,7,Batroun
6.842280865,Kfar Aabida,701040,7,Batroun
8.792665482,Kfar Aabida,701040,7,Jbail
2.739432021,Kfar Hilda,701043,7,Jbail
3.402681411,Kour,701049,7,Batroun
4.564212799,Kour,701049,7,Batroun
5.181712866,Kour,701049,7,Batroun
3.808979528,Kour,701049,7,Jbail
2.833038509,Mrah Ez Ziyat,701055,7,Jbail
2.756674449,Racha,701061,7,Jbail
1.569934328,Racha,701061,7,Jbail
3.281211272,Racha,701061,7,Jbail
2.345055421,Racha,701061,7,Jbail
1.745918453,Racha,701061,7,Jbail
2.486070474,Racha,701061,7,Jbail
5.094049215,Rachana,701062,7,Jbail
2.153909114,Rachana,701062,7,Jbail
10.01158206,Rachana,701062,7,Jbail
5.911131064,Rachkida,701063,7,Batroun
9.143188715,Rachkida,701063,7,Batroun
5.762516816,Ras Nahhach,701065,7,Batroun
4.752330303,Ras Nahhach,701065,7,Batroun
22.11478408,Ras Nahhach,701065,7,Koura
2.641582429,Sghar,701067,7,Jbail
4.983124761,Smar Jbayl,701068,7,Jbail
4.419874301,Smar Jbayl,701068,7,Jbail
3.419899225,Smar Jbayl,701068,7,Jbail
3.686774947,Smar Jbayl,701068,7,Jbail
4.113947991,Smar Jbayl,701068,7,Jbail
4.834224224,Smar Jbayl,701068,7,Jbail
6.129686534,Smar Jbayl,701068,7,Jbail
2.15863657,Sourat El-Batroun,701069,7,Batroun
4.549093131,Sourat El-Batroun,701069,7,Batroun
3.248814662,Sourat El-Batroun,701069,7,Batroun
3.797540903,Sourat El-Batroun,701069,7,Batroun
3.367995359,Sourat El-Batroun,701069,7,Batroun
2.380434699,Sourat El-Batroun,701069,7,Batroun
1.684486429,Tannourine El-Faouqa,701070,7,Jbail
2.369303107,Tannourine El-Faouqa,701070,7,Jbail
3.554150879,Tannourine El-Faouqa,701070,7,Jbail
1.833000101,Tannourine El-Faouqa,701070,7,Jbail
1.256400274,Tannourine El-Faouqa,701070,7,Jbail
3.338220119,Tannourine El-Faouqa,701070,7,Jbail
0.599012561,YammounT,701070,7,Jbail
0.778721875,Tannourine El-Faouqa,701070,7,Kesrouane
0.695123428,Tannourine El-Faouqa,701070,7,Kesrouane
4.437747717,Tannourine El-Faouqa,701070,7,Kesrouane
1.487440425,Tannourine El-Faouqa,701070,7,Kesrouane
1.446598209,YammounT,701070,7,Kesrouane
2.002713978,Toula El-Batroun,701073,7,Jbail
2.551646709,Toula El-Batroun,701073,7,Jbail
3.013710777,Toula El-Batroun,701073,7,Jbail
3.379442135,Toula El-Batroun,701073,7,Jbail
2.974007924,Toula El-Batroun,701073,7,Jbail
2.590077996,Toula El-Batroun,701073,7,Jbail
3.481433201,Toula El-Batroun,701073,7,Jbail
3.350188911,Toula El-Batroun,701073,7,Jbail
2.293582726,Toula El-Batroun,701073,7,Jbail
2.028922439,Toula El-Batroun,701073,7,Jbail
2.497141222,Toula El-Batroun,701073,7,Jbail
1.92503798,Toula El-Batroun,701073,7,Jbail
2.429520845,Hermel Jbab,702004,7,Zgharta
4.561805546,Hadchit,702013,7,Bcharre
1.15406067,Hermel Jbab,702013,7,Zgharta
3.206655802,Tannourine El-Faouqa,702014,7,Jbail
1.906767011,Tannourine El-Faouqa,702014,7,Jbail
2.449934006,Kfar Hilda,702014,7,Jbail
2.106180617,Tannourine El-Faouqa,702014,7,Jbail
0.957683492,Tannourine El-Faouqa,702014,7,Jbail
1.076072183,YammounT,702014,7,Jbail
1.044113169,YammounT,702014,7,Kesrouane
0.97607155,Nabha Ed-Damdoum,702014,7,Zgharta
0.744395801,Nabha Ed-Damdoum,702014,7,Zgharta
4.000295442,Qnayouer,702023,7,Bcharre
1.29059914,Tannourine El-Faouqa,702023,7,Jbail
1.12784353,Tannourine El-Faouqa,702023,7,Jbail
4.231543303,Rachkida,703017,7,Koura
3.213267641,Sourat El-Batroun,703017,7,Koura
4.843553245,Ras Nahhach,703017,7,Koura
9.604552964,Heri,703025,7,Koura
3.439228018,Fiaa,703026,7,Koura
3.776185989,Fiaa,703026,7,Koura
3.905455669,Fiaa,703026,7,Koura
15.85382853,Hraiche,703027,7,Koura
4.376455426,Ras Nahhach,703029,7,Koura
4.916064481,Ras Nahhach,703029,7,Koura
3.283319635,Kafraya El-Koura,703029,7,Koura
2.428525686,Kaftoun,703030,7,Koura
2.694243908,Sourat El-Batroun,703030,7,Koura
5.77004989,Kfar Aaqqa,703031,7,Zgharta
2.743691349,Kfar Hata El-Koura,703032,7,Koura
2.096945484,Ras Nahhach,703032,7,Koura
2.670105696,Ras Nahhach,703032,7,Koura
4.020664183,Kfar Hazir,703033,7,Koura
4.033671252,Kfar Hazir,703033,7,Koura
1.780280193,Kfar Hazir,703033,7,Koura
2.716092518,Kfar Hazir,703033,7,Koura
4.314792335,Kfar Hazir,703033,7,Koura
5.453268003,Kfar Hazir,703033,7,Koura
1.73459664,Ras Nahhach,703033,7,Koura
3.697082281,Kfar Hazir,703033,7,Koura
9.05451951,Kfar Hazir,703033,7,Koura
2.964989305,Ras Nahhach,703033,7,Koura
1.751965264,Majdel el-Koura,703037,7,Koura
2.032716539,Majdel el-Koura,703037,7,Koura
2.39699614,Majdel el-Koura,703037,7,Koura
2.03058511,Majdel el-Koura,703037,7,Koura
2.245824456,Majdel el-Koura,703037,7,Koura
2.30812484,Majdel el-Koura,703037,7,Koura
1.782834121,Majdel el-Koura,703037,7,Koura
2.946007609,NakhlT,703038,7,Zgharta
2.783339194,Qalhat,703039,7,Koura
2.923748276,Qalhat,703039,7,Koura
2.890331924,Qalhat,703039,7,Koura
2.309274676,Ras Masqa,703040,7,Koura
3.854251703,Ras Masqa,703040,7,Tripoli
2.463520885,Ras Masqa,703040,7,Zgharta
1.97471565,Rechdibbine,703041,7,Koura
2.462625146,Rechdibbine,703041,7,Koura
2.122360508,Tourza,703041,7,Koura
4.779707193,Rechdibbine,703041,7,Zgharta
2.277911544,Rechdibbine,703041,7,Zgharta
1.732110977,Tourza,703041,7,Zgharta
1.883173068,Zgharta El-Mtaouile,703043,7,Koura
2.459298462,Zgharta El-Mtaouile,703043,7,Koura
1.392522752,Zgharta El-Mtaouile,703043,7,Koura
1.548306257,Zgharta El-Mtaouile,703043,7,Koura
1.097487628,Zgharta El-Mtaouile,703043,7,Koura
2.372025818,Zgharta El-Mtaouile,703043,7,Koura
0.950162768,Zgharta El-Mtaouile,703043,7,Koura
1.558631261,Zgharta El-Mtaouile,703043,7,Koura
0.964814931,Zgharta El-Mtaouile,703043,7,Koura
2.670490265,Bakhaaoun,704006,7,Minie-Danniye
2.392688318,Nabha Ed-Damdoum,704015,7,Zgharta
2.104992381,Bzal,704017,7,Minie-Danniye
0.87009271,Qabaait,704018,7,Minie-Danniye
14.44249535,Deir Aammar,704019,7,Zgharta
2.08264984,Izal,704026,7,Minie-Danniye
0.808665004,Izal,704026,7,Zgharta
1.800240517,Karm El-Mohr,704030,7,Minie-Danniye
2.186596233,Karm El-Mohr,704030,7,Minie-Danniye
2.025169611,Karm El-Mohr,704030,7,Zgharta
1.824084997,Karm El-Mohr,704030,7,Zgharta
11.65033174,Minie,704039,7,Zgharta
3.083140537,Nabi Youcheaa,704043,7,Zgharta
0.597143014,Qarne,704045,7,Minie-Danniye
0.949446499,Qarne,704045,7,Minie-Danniye
0.933107184,Qarne,704045,7,Minie-Danniye
0.682865369,Qarne,704045,7,Minie-Danniye
1.049723111,Qarne,704045,7,Minie-Danniye
1.020971179,Qarne,704045,7,Minie-Danniye
0.762463078,Qarne,704045,7,Minie-Danniye
1.350643694,Raouda-Aadoua,704050,7,Minie-Danniye
2.822291776,Raouda-Aadoua,704050,7,Minie-Danniye
4.496435252,Raouda-Aadoua,704050,7,Minie-Danniye
2.92399606,SfirT,704052,7,Minie-Danniye
1.505393654,SfirT,704052,7,Minie-Danniye
0.746971286,SfirT,704052,7,Minie-Danniye
1.428914355,SfirT,704052,7,Minie-Danniye
0.899098851,Sir Ed-DanniyT,704053,7,Minie-Danniye
1.972648764,Sir Ed-DanniyT,704053,7,Minie-Danniye
0.886218866,Sir Ed-DanniyT,704053,7,Zgharta
4.62893788,Tarane,704054,7,Minie-Danniye
2.348039246,Tarane,704054,7,Minie-Danniye
2.372310797,Tarane,704054,7,Minie-Danniye
2.201144723,Tarane,704054,7,Minie-Danniye
4.142703692,Tarane,704054,7,Minie-Danniye
1.071254402,Tarane,704054,7,Minie-Danniye
2.759109967,Tarane,704054,7,Minie-Danniye
2.524916584,Tarane,704054,7,Minie-Danniye
2.258875857,Tarane,704054,7,Minie-Danniye
4.428114653,Tarane,704054,7,Minie-Danniye
2.462009171,Tarane,704054,7,Minie-Danniye
1.75896736,Zouq Bhannine,704057,7,Minie-Danniye
2.046245495,Zouq Bhannine,704057,7,Minie-Danniye
3.533650994,Zouq Bhannine,704057,7,Minie-Danniye
2.388507366,Zouq Bhannine,704057,7,Zgharta
5.829509576,Zouq Bhannine,704057,7,Zgharta
7.920551634,Zouq Bhannine,704057,7,Zgharta
11.60801702,Zouq Bhannine,704057,7,Zgharta
5.986133046,Zouq Bhannine,704057,7,Zgharta
1.98819524,Zouq Bhannine,704057,7,Zgharta
4.381833804,Zouq Bhannine,704057,7,Zgharta
2.59354403,Zouq Bhannine,704057,7,Zgharta
2.886361265,Zouq Bhannine,704057,7,Zgharta
25.99104946,Mina Jardin,705001,7,Tripoli
31.01440525,Mina Jardin,705001,7,Tripoli
15.67138958,Mina N:3,705004,7,Tripoli
15.67138958,Mina N:3,705004,7,Tripoli
3.940465723,Ras Masqa,705005,7,Tripoli
7.55828074,Ras Masqa,705005,7,Tripoli
9.135638158,Qalhat,705005,7,Tripoli
3.619119008,Ras Masqa,705005,7,Tripoli
49.92816802,Trablous et Tabbaneh,705016,7,Tripoli
54.45265835,Trablous et Tabbaneh,705016,7,Tripoli
49.91955948,Trablous et Tabbaneh,705016,7,Tripoli
59.51198992,Trablous jardins,705017,7,Tripoli
63.0588427,Trablous jardins,705017,7,Tripoli
53.05270349,Trablous jardins,705017,7,Tripoli
43.37069298,Trablous jardins,705017,7,Tripoli
8.972882271,Trablous jardins,705017,7,Tripoli
5.332732052,Trablous jardins,705017,7,Tripoli
6.040691972,Trablous jardins,705017,7,Tripoli
5.038388565,Trablous jardins,705017,7,Tripoli
58.5753118,Trablous jardins,705017,7,Zgharta
51.68639221,Trablous jardins,705017,7,Zgharta
39.92281376,Trablous jardins,705017,7,Zgharta
25.78468561,Trablous jardins,705017,7,Zgharta
16.65577126,Trablous jardins,705017,7,Zgharta
2.930179119,Tourza,706003,7,Zgharta
1.925894126,Tourza,706003,7,Zgharta
1.790167813,Tourza,706003,7,Zgharta
2.17885266,Tourza,706003,7,Zgharta
3.970377553,Qnayouer,706003,7,Zgharta
2.554874678,Qnayouer,706003,7,Zgharta
2.976395965,Tourza,706003,7,Zgharta
2.083740771,Tourza,706009,7,Zgharta
2.886338592,Qnayouer,706009,7,Zgharta
4.48491497,Ras Masqa,706010,7,Zgharta
5.504965305,Terbol-MiniyT,706014,7,Zgharta
4.693574377,Kousba,706017,7,Zgharta
2.262203336,Daraiya Zgharta,706017,7,Zgharta
4.097503185,Ehden,706019,7,Zgharta
1.578471661,Ehden,706019,7,Zgharta
1.579267073,Hermel Jbab,706019,7,Zgharta
1.814644277,Ehden,706019,7,Zgharta
3.691307545,Hermel Jbab,706019,7,Zgharta
2.886677484,Terbol-MiniyT,706020,7,Zgharta
1.715017021,Terbol-MiniyT,706020,7,Zgharta
2.470647693,Hailan,706020,7,Zgharta
3.795368433,Hailan,706020,7,Zgharta
2.535559357,Raouda-Aadoua,706020,7,Zgharta
2.432469249,Terbol-MiniyT,706020,7,Zgharta
1.624298995,Iaal,706024,7,Zgharta
3.28314178,Rechdibbine,706026,7,Zgharta
2.222112457,Tourza,706026,7,Zgharta
2.33322009,Tourza,706026,7,Zgharta
2.314814091,Moghr El-Ahoual,706026,7,Zgharta
3.697069705,Ras Masqa,706031,7,Zgharta
4.809343278,Trablous jardins,706031,7,Zgharta
3.263635,Trablous jardins,706031,7,Zgharta
3.1982507,Trablous jardins,706031,7,Zgharta
2.818083485,Kfaryachit,706033,7,Zgharta
2.725164493,Kfarzaina,706034,7,Zgharta
3.623185873,Kfarzaina,706034,7,Zgharta
2.745061159,Kfarzaina,706034,7,Zgharta
4.224405607,KhaldiyT,706035,7,Zgharta
3.037345425,KhaldiyT,706035,7,Zgharta
2.395936728,KhaldiyT,706035,7,Zgharta
24.28788622,Trablous jardins,706039,7,Zgharta
7.59867084,Mejdlaiya Zgharta,706039,7,Zgharta
4.444112079,Terbol-MiniyT,706039,7,Zgharta
8.09202373,Mejdlaiya Zgharta,706039,7,Zgharta
4.734179705,Mejdlaiya Zgharta,706039,7,Zgharta
2.648188029,Terbol-MiniyT,706039,7,Zgharta
3.338072658,Miziara,706041,7,Zgharta
5.226842165,Miziara,706041,7,Zgharta
2.43111255,Miziara,706041,7,Zgharta
4.028475642,Miziara,706041,7,Zgharta
1.260515801,Miziara,706041,7,Zgharta
1.840345457,Miziara,706041,7,Zgharta
1.640518785,Miziara,706041,7,Zgharta
3.334364176,Morh Kfarsghab,706042,7,Zgharta
1.98634848,Morh Kfarsghab,706042,7,Zgharta
4.136270094,Morh Kfarsghab,706042,7,Zgharta
3.422193825,Morh Kfarsghab,706042,7,Zgharta
2.913095229,Morh Kfarsghab,706042,7,Zgharta
2.197153356,Morh Kfarsghab,706042,7,Zgharta
2.462418053,Morh Kfarsghab,706042,7,Zgharta
6.207540254,Morh Kfarsghab,706042,7,Zgharta
1.415563226,Morh Kfarsghab,706042,7,Zgharta
7.46830225,Terbol-MiniyT,706045,7,Zgharta
3.868251681,Rachaaine,706045,7,Zgharta
1.981044531,Rachaaine,706045,7,Zgharta
1.992301312,Rachaaine,706045,7,Zgharta
4.745362222,Terbol-MiniyT,706045,7,Zgharta
2.028472117,Rachaaine,706045,7,Zgharta
1.358249104,Rachaaine,706045,7,Zgharta
3.054654837,Rachaaine,706045,7,Zgharta
2.739857757,Rachaaine,706045,7,Zgharta
1.724875005,Rachaaine,706045,7,Zgharta
1.797120829,Rachaaine,706045,7,Zgharta
3.850987478,Toula Zgharta,706051,7,Zgharta
2.290033937,Toula Zgharta,706051,7,Zgharta
3.243601382,Toula Zgharta,706051,7,Zgharta
1.649385571,Toula Zgharta,706051,7,Zgharta
8.867227173,Zgharta,706052,7,Zgharta
8.923485597,Zgharta,706052,7,Zgharta
5.001040156,Zgharta,706052,7,Zgharta
6.74241813,Zgharta,706052,7,Zgharta
5.968578884,Zgharta,706052,7,Zgharta
2.364803993,Zgharta,706052,7,Zgharta
3.182968172,Zgharta,706052,7,Zgharta
2.963595819,Zgharta,706052,7,Zgharta
5.277952989,Zgharta,706052,7,Zgharta
2.878823431,Zgharta,706052,7,Zgharta
6.770486832,Bourghos,801004,8,Marjayoun
5.2888147,Kaoukaba Hasbaiya,801004,8,Nabatiye
1.181196767,Kfar Tibnit,801004,8,Nabatiye
2.21760565,Qlaiaa,801004,8,Nabatiye
14.37938806,Niha El-Chouf,801010,8,Jezzine
5.154362043,Niha El-Chouf,801010,8,Jezzine
1.994993997,ZaarouriyT,801022,8,Jezzine
3.320241531,Qreiaa,801022,8,Jezzine
6.026839455,Niha El-Chouf,801022,8,Jezzine
6.606192968,Mazraat Ech-Chouf,801022,8,Jezzine
3.649475574,Mazraat Ech-Chouf,801022,8,Jezzine
3.22514388,Harf Jezzine,801022,8,Jezzine
6.911955833,Harf Jezzine,801022,8,Jezzine
3.033846129,Harf Jezzine,801022,8,Jezzine
2.276353955,Mazraat Es-Dahr,801022,8,Jezzine
3.750859018,Qreiaa,801022,8,Jezzine
2.445088923,Qaaqaaiyet Ej-Jisr,801029,8,Nabatiye
1.706144742,Qlaiaa,801029,8,Nabatiye
1.635723364,Sarba En-Nabatieh,801031,8,Saida
1.081098437,Sarba En-Nabatieh,801031,8,Saida
6.083134462,Niha El-Chouf,801032,8,Jezzine
5.728114963,Niha El-Chouf,801032,8,Jezzine
5.726517012,Niha El-Chouf,801032,8,Nabatiye
3.834049839,Kfar Falous,801034,8,Saida
1.566208584,Niha El-Chouf,801035,8,Jezzine
2.18816943,Niha El-Chouf,801035,8,Marjayoun
1.685240567,Maydoun,801035,8,Marjayoun
1.535385629,MahmoudiyT Jezzine,801040,8,Nabatiye
1.112179057,MahmoudiyT Jezzine,801040,8,Nabatiye
2.229241788,Nabatiyeh El-Faouka,801040,8,Nabatiye
1.92504855,Mazraat Qrouh,801050,8,Marjayoun
0.892850935,Mazraat Qrouh,801050,8,Marjayoun
1.168672383,Mazraat Qrouh,801050,8,Nabatiye
1.571008066,Mazraat Qrouh,801050,8,Nabatiye
5.643831968,MharbiyT,801053,8,Saida
2.009802419,Midane Jezzine,801054,8,Jezzine
1.586330993,Moukhtara,801054,8,Jezzine
5.568427976,Midane Jezzine,801054,8,Jezzine
7.61079518,Midane Jezzine,801054,8,Jezzine
8.661536109,Midane Jezzine,801054,8,Jezzine
6.5564816,Midane Jezzine,801054,8,Jezzine
4.455361724,Midane Jezzine,801054,8,Jezzine
3.484694198,Midane Jezzine,801054,8,Jezzine
5.711225121,Mlikh,801056,8,Nabatiye
6.136845037,Niha El-Chouf,801056,8,Nabatiye
2.373584688,Mlikh,801056,8,Nabatiye
7.08810544,Mlikh,801056,8,Nabatiye
2.784575388,Mlikh,801056,8,Nabatiye
5.311570168,Ouadi Baanqoudaine,801058,8,Saida
4.236614227,QaytoulT,801063,8,Nabatiye
5.068069696,QtalT Jezzine,801064,8,Jezzine
2.851569906,QtalT Jezzine,801064,8,Saida
4.481615861,QtalT Jezzine,801064,8,Saida
1.28214632,Rihane Jezzine,801065,8,Marjayoun
3.124605441,Rihane Jezzine,801065,8,Marjayoun
0.889091593,Rihane Jezzine,801065,8,Marjayoun
4.415374815,Rihane Jezzine,801065,8,Nabatiye
2.623881633,Rihane Jezzine,801065,8,Nabatiye
4.057070684,Roum,801067,8,Jezzine
3.150664926,Roum,801067,8,Nabatiye
3.135172009,Roum,801067,8,Saida
2.233642185,Roum,801067,8,Saida
2.372573376,Roum,801067,8,Saida
4.682357311,Roum,801067,8,Saida
3.910312054,Roum,801067,8,Saida
3.444565296,Roum,801067,8,Saida
2.263796386,Roummanet,801068,8,Nabatiye
1.439006329,Roummanet,801068,8,Nabatiye
2.005911712,Roummanet,801068,8,Nabatiye
3.628315761,Sanaya,801070,8,Nabatiye
5.074805856,Sanaya,801070,8,Nabatiye
1.97832729,Sanaya,801070,8,Nabatiye
4.05840838,Sanaya,801070,8,Nabatiye
5.165976082,Sanaya,801070,8,Nabatiye
2.431517329,Srayri,801073,8,Marjayoun
0.898704877,Srayri,801073,8,Marjayoun
2.83331216,Srayri,801073,8,Marjayoun
3.892499886,Yohmor BG,801073,8,Marjayoun
2.679142015,Srayri,801073,8,Marjayoun
3.372757286,Yohmor BG,801073,8,Marjayoun
1.880349557,STjoud,801074,8,Nabatiye
5.072149674,STjoud,801074,8,Nabatiye
1.125772923,STjoud,801074,8,Nabatiye
1.786546493,STjoud,801074,8,Nabatiye
8.034487406,STjoud,801074,8,Nabatiye
3.74927783,STjoud,801074,8,Nabatiye
1.866666794,STjoud,801074,8,Nabatiye
3.53410313,STjoud,801074,8,Nabatiye
4.189154254,STjoud,801074,8,Nabatiye
2.671932817,STjoud,801074,8,Nabatiye
3.270557682,Roum,802011,8,Saida
2.531675499,Kfar Falous,802011,8,Saida
4.610326034,MharbiyT,802011,8,Saida
4.721250653,Roum,802011,8,Saida
3.660082817,Sanaya,802011,8,Saida
2.347606897,Sanaya,802011,8,Saida
3.025926801,Mjaydel Jezzine,802013,8,Saida
2.57297583,Sarba En-Nabatieh,802013,8,Saida
1.826120855,Sarba En-Nabatieh,802013,8,Saida
2.093194485,Sarba En-Nabatieh,802013,8,Saida
6.333799879,Sibline,802014,8,Saida
4.467489799,Rmeilet Ech-Chouf,802014,8,Saida
23.01484043,Rmeilet Ech-Chouf,802015,8,Saida
14.52550602,Rmeilet Ech-Chouf,802015,8,Saida
1.781917016,Sarba En-Nabatieh,802018,8,Saida
2.963290513,Zefta,802018,8,Saida
2.827635368,Zefta,802022,8,Saida
6.588904619,Haret Saida,802023,8,Saida
1.41157043,InsariyT,802026,8,Saida
2.777723297,Zefta,802028,8,Saida
5.733932436,Kfour En-Nabatieh,802028,8,Saida
4.850488663,Mjaydel Jezzine,802032,8,Saida
3.200791631,Kfar Melki Saida,802032,8,Saida
2.787655562,Sanaya,802032,8,Saida
2.599554569,Kfar Melki Saida,802032,8,Saida
4.263582744,Sanaya,802032,8,Saida
2.58128171,Sanaya,802032,8,Saida
4.737851709,Sanaya,802032,8,Saida
2.169664553,Sarba En-Nabatieh,802032,8,Saida
2.858349621,Mazraat El YahoudiyT (AaitaniyT),802048,8,Sour
1.933237612,Mazraat El YahoudiyT (AaitaniyT),802048,8,Sour
2.787801411,Mazraat El-HoussainiyT,802049,8,Saida
2.610159705,Mazraat Sinai,802056,8,Saida
1.814410925,Mazraat Sinai,802056,8,Saida
1.745511144,Mazraat Sinai,802056,8,Saida
2.013372103,Mazraat Sinai,802056,8,Saida
1.067259332,Mazraat Sinai,802056,8,Sour
3.134972374,Zefta,802057,8,Saida
2.012024694,Zefta,802057,8,Saida
1.428099096,MerouaniyT,802057,8,Saida
1.310799146,Mzaraat El-Ouasta,802060,8,Sour
2.297733456,Mzaraat El-Ouasta,802060,8,Sour
2.064555065,NajjariyT,802061,8,Saida
5.002788484,NajjariyT,802061,8,Saida
3.140426278,NajjariyT,802061,8,Saida
3.479003044,NajjariyT,802061,8,Saida
2.315642595,NajjariyT,802061,8,Saida
3.096144744,NajjariyT,802061,8,Saida
2.12693584,NajjariyT,802061,8,Saida
2.610711098,NajjariyT,802061,8,Saida
2.961057687,Zefta,802061,8,Saida
1.603378952,Qaaqaiyet Es-Snaoubar,802062,8,Saida
1.913376659,Qaaqaiyet Es-Snaoubar,802062,8,Sour
5.908423722,Qraiyet Saida,802064,8,Saida
4.064720438,Qraiyet Saida,802064,8,Saida
5.36027352,Qraiyet Saida,802064,8,Saida
4.514295101,Qraiyet Saida,802064,8,Saida
4.494633079,Qraiyet Saida,802064,8,Saida
4.197212622,Saida Ed-Dekermane,802065,8,Saida
3.380413135,Saida Ed-Dekermane,802065,8,Saida
6.073387742,Saida Ed-Dekermane,802065,8,Saida
3.10399437,Saida Ed-Dekermane,802065,8,Saida
24.48010953,Sibline,802066,8,Saida
19.13085556,Saida El-Oustani,802066,8,Saida
25.23508151,Saida El-Oustani,802066,8,Saida
29.81580854,Saida El-Oustani,802066,8,Saida
22.64956919,Saida El-Oustani,802066,8,Saida
12.98145453,Saida El-Oustani,802066,8,Saida
11.67254696,Saida El-Oustani,802066,8,Saida
10.84679432,Saida El-Oustani,802066,8,Saida
5.295084715,Saida Kefraya,802068,8,Saida
1.69197154,SaksakiyT,802069,8,Saida
1.609374563,SaksakiyT,802069,8,Saida
3.254293577,SaksakiyT,802069,8,Saida
2.127949595,SaksakiyT,802069,8,Saida
1.32051605,SaksakiyT,802069,8,Sour
2.548045781,SaksakiyT,802069,8,Sour
8.823816299,Salhiyet Saida,802070,8,Saida
6.705577612,Salhiyet Saida,802070,8,Saida
18.57527784,Salhiyet Saida,802070,8,Saida
5.625609255,Salhiyet Saida,802070,8,Saida
7.012923998,Salhiyet Saida,802070,8,Saida
5.768682718,Salhiyet Saida,802070,8,Saida
5.561406374,Salhiyet Saida,802070,8,Saida
10.7286582,Salhiyet Saida,802070,8,Saida
3.038290448,Sarafand,802071,8,Saida
4.398765167,Sarafand,802071,8,Saida
4.99478515,Sarafand,802071,8,Saida
2.969910304,Sarafand,802071,8,Saida
8.058106041,Sarafand,802071,8,Saida
5.425253789,Sarafand,802071,8,Saida
2.21900022,Sarafand,802071,8,Sour
6.578375697,Tanbourit,802073,8,Saida
3.715180159,Tanbourit,802073,8,Saida
3.616215714,Tanbourit,802073,8,Saida
2.397407651,Teffahta,802075,8,Saida
3.893944051,Teffahta,802075,8,Saida
1.933593373,Teffahta,802075,8,Saida
4.913924932,Teffahta,802075,8,Saida
3.99941045,Teffahta,802075,8,Saida
2.726911142,Zefta,802075,8,Saida
3.108558863,Teffahta,802075,8,Saida
3.962435325,Zeita,802077,8,Saida
4.075569747,Zeita,802077,8,Saida
2.028355582,Zeita,802077,8,Saida
5.422328568,Zeita,802077,8,Saida
2.456208754,Zeita,802077,8,Saida
2.256469584,Zeita,802077,8,Saida
2.758214056,Zeita,802077,8,Saida
3.363230597,Zeita,802077,8,Saida
1.918433011,Zeita,802077,8,Saida
3.541539709,ZrariyT,802078,8,Sour
2.49156181,ZrariyT,802078,8,Sour
2.616608443,ZrariyT,802078,8,Sour
3.974430641,ZrariyT,802078,8,Sour
2.729694704,ZrariyT,802078,8,Sour
2.461338794,ZrariyT,802078,8,Sour
1.621737525,ZrariyT,802078,8,Sour
3.083730476,Mazraat El YahoudiyT (AaitaniyT),803002,8,Sour
3.70331081,ZrariyT,803002,8,Sour
2.168646673,ZrariyT,803002,8,Sour
2.92824018,ZrariyT,803014,8,Sour
3.266491456,Sir El-GharbiyT,803025,8,Sour
1.124141097,Sir El-GharbiyT,803025,8,Sour
1.704493821,Qaaqaaiyet Ej-Jisr,803025,8,Sour
5.421536128,Touline,803029,8,Sour
3.172082861,Touline,803029,8,Sour
7.570848012,Mazraat El YahoudiyT (AaitaniyT),803031,8,Sour
8.594446818,ZrariyT,803034,8,Sour
3.665468314,Hanaouay,803036,8,Sour
1.849914412,ZrariyT,803038,8,Sour
11.8257243,Iskandarouna Sour,803039,8,Sour
4.653938174,Iskandarouna Sour,803039,8,Sour
3.111085137,Kfar Dounine,803044,8,Sour
4.29870677,MaarakT,803046,8,Sour
3.372029877,Sir El-GharbiyT,803047,8,Sour
4.636434105,Mansouri Sour,803050,8,Sour
2.442030907,Mazraat Ez-Zalloutiyeh,803052,8,Sour
2.615852558,Mazraat Mechref,803053,8,Sour
2.745748811,Mazraat Mechref,803053,8,Sour
3.239489228,Soultaniyet Bent Jbayl,803053,8,Sour
7.415998762,Tibnine,803053,8,Sour
2.608145297,Soultaniyet Bent Jbayl,803053,8,Sour
2.531790177,NeftakhiyT,803057,8,Sour
4.556028605,NeftakhiyT,803057,8,Sour
5.083572354,NeftakhiyT,803057,8,Sour
4.571337938,Touline,803057,8,Sour
3.721516689,Qana,803060,8,Sour
4.86402697,Qana,803060,8,Sour
3.90449059,Qana,803060,8,Sour
3.040657163,Yater,803060,8,Sour
2.474834681,QlailT Sour,803061,8,Sour
2.162330879,QlailT Sour,803061,8,Sour
2.943293273,QlailT Sour,803061,8,Sour
4.15590628,QlailT Sour,803061,8,Sour
2.755324152,Recheknanay,803062,8,Sour
2.997539401,Recheknanay,803062,8,Sour
2.273635268,Recheknanay,803062,8,Sour
1.738355509,Recheknanay,803062,8,Sour
2.509430127,Soultaniyet Bent Jbayl,803062,8,Sour
10.63442822,Sour,803066,8,Sour
5.485319138,Sour,803066,8,Sour
2.470523932,Sour,803066,8,Sour
5.710910082,Sour,803066,8,Sour
1.835300139,Sour,803066,8,Sour
2.112919211,Sour,803066,8,Sour
2.313943863,Srifa,803067,8,Sour
3.373873115,Touline,803067,8,Sour
3.749063672,Srifa,803067,8,Sour
2.730623682,Srifa,803067,8,Sour
1.80043745,Srifa,803067,8,Sour
12.97791569,Tayr DebbT,803068,8,Sour
4.159675651,Tayr DebbT,803068,8,Sour
3.804711024,Tayr DebbT,803068,8,Sour
5.620024115,Tayr DebbT,803068,8,Sour
3.875586748,Tayr DebbT,803068,8,Sour
2.507068872,ZrariyT,803069,8,Sour
3.966362637,Tayr Falsay,803069,8,Sour
2.293803358,ZrariyT,803069,8,Sour
2.027485418,ZrariyT,803069,8,Sour
1.550103535,Tayr Harfa,803070,8,Sour
4.099207115,Tayr Harfa,803070,8,Sour
1.821096778,Tayr Harfa,803070,8,Sour
2.052686304,Tayr Harfa,803070,8,Sour
1.363165438,Tayr Harfa,803070,8,Sour
2.378551453,Tayr Harfa,803070,8,Sour
2.942486882,Tayr Harfa,803070,8,Sour
5.464748045,Toura,803072,8,Sour
4.268251816,Toura,803072,8,Sour
4.495207389,Toura,803072,8,Sour
6.265953779,Toura,803072,8,Sour
6.37195257,Toura,803072,8,Sour
4.402864184,ZrariyT,803072,8,Sour
6.096517384,ZrariyT,803072,8,Sour
4.126744986,Toura,803072,8,Sour
7.844930172,Toura,803072,8,Sour
1.82732448,Zebqine,803075,8,Sour
1.646664444,Zebqine,803075,8,Sour
1.45953685,Zebqine,803075,8,Sour
1.694766512,Zebqine,803075,8,Sour
2.899375268,Zebqine,803075,8,Sour
1.183679044,Zebqine,803075,8,Sour
4.835266811,Zebqine,803075,8,Sour
3.228202999,Zebqine,803075,8,Sour
